-1,Sun Jun 21 15:44:16 EDT 2020,true,unc\testables\AReferencedClass.java,typeDefined,None,CLASS, Is Abstract:false Number of Abstract Methods:0 Is Generic:false Number of Generic Methods:0 Number of Asserts:0 Number of Ternary Conditionals:0 Number of Methods:5 Number of Functions:0 Number of Non Getter Functions:0 Number of Getters and Setters:0 Number of Non Public Methods:3 Public Methods Fraction:0.4 Protected Methods Fraction:0.2 Package Access Methods Fraction:0.4 Private  Methods Fraction:0.0 Average Method Access:1.0 Number of Variables:3 Public Variables Fraction:0.6666666666666666 Protected Variables Fraction:0.3333333333333333 Package Access Variables Fraction:0.0 Private  Variable Fraction:0.0 Average Variable Access:0.3333333333333333 Number of Properties:0 Public Properties Fraction:NaN Protected Properties Fraction:NaN Package Access Properties Fraction:NaN Private  Properties Fraction:NaN Editable Properties Fraction:NaN ReadOnly Access Properties Fraction:NaN WriteOnly  Properties Fraction:NaN Average Properties Access:NaN Average Local References per Constant:NaN Average Local References per Variable:1.0 Average Local Assignments per Variable:1.0,NonGetterFunctions:[]NonSetterProcedures:[public  aNecessaryPublicMethod:->void, public  anUnnecessaryPublicMethod:->void, protected  aNecessaryProtectedMethod:->void, default aNecessaryDefaultMethod:->void, default anUnnecessaryDefaultMethod:->void]Getters:[]Setters:[],Variables:[public int aNecessaryPublicVariable, public int anUnnecessaryPublicVariable, protected int aNecessaryProtectedVariable],Properties:[],Access Modifiers Used: [(unc.testables.AReferencedClass, public, private, 3, unc.testables.AReferencedClass, null )]
-1,Sun Jun 21 15:44:16 EDT 2020,true,unc\testables\AReferencedClass.java,nameInDictionaryCheck,unc.testables.AReferencedClass,unc
-1,Sun Jun 21 15:44:16 EDT 2020,true,unc\testables\AReferencedClass.java,nameInDictionaryCheck,unc.testables.AReferencedClass,testables
-1,Sun Jun 21 15:44:16 EDT 2020,true,unc\testables\AReferencedClass.java,methodAccessModifierUnmatched,aNecessaryPublicMethod:->void,public,None,4,No Referencing Method,No Access Modifiers
-1,Sun Jun 21 15:44:16 EDT 2020,true,unc\testables\AReferencedClass.java,publicMethodsDoNotOverride,[public  aNecessaryPublicMethod:->void, public  anUnnecessaryPublicMethod:->void]
-1,Sun Jun 21 15:44:16 EDT 2020,true,unc\testables\classDecomposition\DecomposableClassWithNoSeedTestable.java,typeDefined,None,CLASS, Is Abstract:false Number of Abstract Methods:0 Is Generic:false Number of Generic Methods:0 Number of Asserts:0 Number of Ternary Conditionals:0 Number of Methods:3 Number of Functions:0 Number of Non Getter Functions:0 Number of Getters and Setters:0 Number of Non Public Methods:0 Public Methods Fraction:1.0 Protected Methods Fraction:0.0 Package Access Methods Fraction:0.0 Private  Methods Fraction:0.0 Average Method Access:0.0 Number of Variables:2 Public Variables Fraction:0.0 Protected Variables Fraction:0.0 Package Access Variables Fraction:1.0 Private  Variable Fraction:0.0 Average Variable Access:2.0 Number of Properties:0 Public Properties Fraction:NaN Protected Properties Fraction:NaN Package Access Properties Fraction:NaN Private  Properties Fraction:NaN Editable Properties Fraction:NaN ReadOnly Access Properties Fraction:NaN WriteOnly  Properties Fraction:NaN Average Properties Access:NaN Average Local References per Constant:NaN Average Local References per Variable:2.5 Average Local Assignments per Variable:2.5,NonGetterFunctions:[]NonSetterProcedures:[public  incVariable1:->void, public  decVariable1:->void, public  resetVariable2:->void]Getters:[]Setters:[],Variables:[default int variable1, default String variable2],Properties:[],Access Modifiers Used: [(unc.testables.classDecomposition.DecomposableClassWithNoSeedTestable, public, private, 3, unc.testables.classDecomposition.DecomposableClassWithNoSeedTestable, null )]
-1,Sun Jun 21 15:44:16 EDT 2020,true,unc\testables\classDecomposition\DecomposableClassWithNoSeedTestable.java,nameInDictionaryCheck,unc.testables.classDecomposition.DecomposableClassWithNoSeedTestable,unc
-1,Sun Jun 21 15:44:16 EDT 2020,true,unc\testables\classDecomposition\DecomposableClassWithNoSeedTestable.java,nameInDictionaryCheck,unc.testables.classDecomposition.DecomposableClassWithNoSeedTestable,testables
-1,Sun Jun 21 15:44:16 EDT 2020,true,unc\testables\classDecomposition\DecomposableClassWithNoSeedTestable.java,nameInDictionaryCheck,unc.testables.classDecomposition.DecomposableClassWithNoSeedTestable,decomposable
-1,Sun Jun 21 15:44:16 EDT 2020,true,unc\testables\classDecomposition\DecomposableClassWithNoSeedTestable.java,methodAccessModifierUnmatched,incVariable1:->void,public,None,4,No Referencing Method,No Access Modifiers
-1,Sun Jun 21 15:44:16 EDT 2020,true,unc\testables\classDecomposition\DecomposableClassWithNoSeedTestable.java,classDecomposition,[[public  decVariable1:->void, public  incVariable1:->void], [public  resetVariable2:->void]]
-1,Sun Jun 21 15:44:16 EDT 2020,true,unc\testables\classDecomposition\DecomposableClassWithNoSeedTestable.java,publicMethodsDoNotOverride,[public  incVariable1:->void, public  decVariable1:->void, public  resetVariable2:->void]
-1,Sun Jun 21 15:44:16 EDT 2020,true,unc\testables\classDecomposition\DecomposableClassWithSeedTestable.java,typeDefined,None,CLASS, Is Abstract:false Number of Abstract Methods:0 Is Generic:false Number of Generic Methods:0 Number of Asserts:0 Number of Ternary Conditionals:0 Number of Methods:5 Number of Functions:1 Number of Non Getter Functions:0 Number of Getters and Setters:2 Number of Non Public Methods:0 Public Methods Fraction:1.0 Protected Methods Fraction:0.0 Package Access Methods Fraction:0.0 Private  Methods Fraction:0.0 Average Method Access:0.0 Number of Variables:2 Public Variables Fraction:0.0 Protected Variables Fraction:0.0 Package Access Variables Fraction:1.0 Private  Variable Fraction:0.0 Average Variable Access:2.0 Number of Properties:1 Public Properties Fraction:1.0 Protected Properties Fraction:0.0 Package Access Properties Fraction:0.0 Private  Properties Fraction:0.0 Editable Properties Fraction:1.0 ReadOnly Access Properties Fraction:0.0 WriteOnly  Properties Fraction:0.0 Average Properties Access:0.0 Average Local References per Constant:NaN Average Local References per Variable:3.5 Average Local Assignments per Variable:3.5,NonGetterFunctions:[]NonSetterProcedures:[public  incVariable1:->void, public  decVariable1:->void, public  resetVariable2:->void]Getters:[public  getVariable1:->int]Setters:[public  setVariable1:int->void],Variables:[default int variable1, default String variable2],Properties:[editable, g-s:0 p-v:2 access:public Variable1:int(public ,public )],Access Modifiers Used: [(unc.testables.classDecomposition.DecomposableClassWithSeedTestable, public, private, 3, unc.testables.classDecomposition.DecomposableClassWithSeedTestable, null )]
-1,Sun Jun 21 15:44:16 EDT 2020,true,unc\testables\classDecomposition\DecomposableClassWithSeedTestable.java,nameInDictionaryCheck,unc.testables.classDecomposition.DecomposableClassWithSeedTestable,unc
-1,Sun Jun 21 15:44:16 EDT 2020,true,unc\testables\classDecomposition\DecomposableClassWithSeedTestable.java,nameInDictionaryCheck,unc.testables.classDecomposition.DecomposableClassWithSeedTestable,testables
-1,Sun Jun 21 15:44:16 EDT 2020,true,unc\testables\classDecomposition\DecomposableClassWithSeedTestable.java,nameInDictionaryCheck,unc.testables.classDecomposition.DecomposableClassWithSeedTestable,decomposable
-1,Sun Jun 21 15:44:16 EDT 2020,true,unc\testables\classDecomposition\DecomposableClassWithSeedTestable.java,methodAccessModifierUnmatched,getVariable1:->int,public,None,4,No Referencing Method,No Access Modifiers
-1,Sun Jun 21 15:44:16 EDT 2020,true,unc\testables\classDecomposition\DecomposableClassWithSeedTestable.java,methodAccessModifierUnmatched,setVariable1:int->void,public,None,4,No Referencing Method,No Access Modifiers
-1,Sun Jun 21 15:44:16 EDT 2020,true,unc\testables\classDecomposition\DecomposableClassWithSeedTestable.java,peerCommonProperties,editable, g-s:0 p-v:2 access:public Variable1:int(public ,public ),DecomposableClassWithSeedTestable,unc.testables.classDecomposition.NotDecomposableClassWithSeedTestable
-1,Sun Jun 21 15:44:16 EDT 2020,true,unc\testables\classDecomposition\DecomposableClassWithSeedTestable.java,classDecomposition,[[public  setVariable1:int->void, public  getVariable1:->int, public  decVariable1:->void, public  incVariable1:->void], [public  resetVariable2:->void]]
-1,Sun Jun 21 15:44:16 EDT 2020,true,unc\testables\classDecomposition\DecomposableClassWithSeedTestable.java,publicMethodsDoNotOverride,[public  getVariable1:->int, public  setVariable1:int->void, public  incVariable1:->void, public  decVariable1:->void, public  resetVariable2:->void]
-1,Sun Jun 21 15:44:16 EDT 2020,true,unc\testables\classDecomposition\DecomposableIndirectlyCoupledTestable.java,typeDefined,None,CLASS, Is Abstract:false Number of Abstract Methods:0 Is Generic:false Number of Generic Methods:0 Number of Asserts:0 Number of Ternary Conditionals:0 Number of Methods:2 Number of Functions:0 Number of Non Getter Functions:0 Number of Getters and Setters:0 Number of Non Public Methods:0 Public Methods Fraction:1.0 Protected Methods Fraction:0.0 Package Access Methods Fraction:0.0 Private  Methods Fraction:0.0 Average Method Access:0.0 Number of Variables:4 Public Variables Fraction:0.0 Protected Variables Fraction:0.0 Package Access Variables Fraction:1.0 Private  Variable Fraction:0.0 Average Variable Access:2.0 Number of Properties:0 Public Properties Fraction:NaN Protected Properties Fraction:NaN Package Access Properties Fraction:NaN Private  Properties Fraction:NaN Editable Properties Fraction:NaN ReadOnly Access Properties Fraction:NaN WriteOnly  Properties Fraction:NaN Average Properties Access:NaN Average Local References per Constant:NaN Average Local References per Variable:2.0 Average Local Assignments per Variable:2.0,NonGetterFunctions:[]NonSetterProcedures:[public  inc1:->void, public  inc3:->void]Getters:[]Setters:[],Variables:[default int variable1, default int variable2, default int variable3, default int variable4],Properties:[],Access Modifiers Used: [(unc.testables.classDecomposition.DecomposableIndirectlyCoupledTestable, public, private, 3, unc.testables.classDecomposition.DecomposableIndirectlyCoupledTestable, null )]
-1,Sun Jun 21 15:44:16 EDT 2020,true,unc\testables\classDecomposition\DecomposableIndirectlyCoupledTestable.java,nameInDictionaryCheck,unc.testables.classDecomposition.DecomposableIndirectlyCoupledTestable,unc
-1,Sun Jun 21 15:44:16 EDT 2020,true,unc\testables\classDecomposition\DecomposableIndirectlyCoupledTestable.java,nameInDictionaryCheck,unc.testables.classDecomposition.DecomposableIndirectlyCoupledTestable,testables
-1,Sun Jun 21 15:44:16 EDT 2020,true,unc\testables\classDecomposition\DecomposableIndirectlyCoupledTestable.java,nameInDictionaryCheck,unc.testables.classDecomposition.DecomposableIndirectlyCoupledTestable,decomposable
-1,Sun Jun 21 15:44:16 EDT 2020,true,unc\testables\classDecomposition\DecomposableIndirectlyCoupledTestable.java,methodAccessModifierUnmatched,inc1:->void,public,None,4,No Referencing Method,No Access Modifiers
-1,Sun Jun 21 15:44:16 EDT 2020,true,unc\testables\classDecomposition\DecomposableIndirectlyCoupledTestable.java,classDecomposition,[[public  inc1:->void], [public  inc3:->void]]
-1,Sun Jun 21 15:44:16 EDT 2020,true,unc\testables\classDecomposition\DecomposableIndirectlyCoupledTestable.java,publicMethodsDoNotOverride,[public  inc1:->void, public  inc3:->void]
-1,Sun Jun 21 15:44:16 EDT 2020,true,unc\testables\classDecomposition\NonDecomposableIndirectlyCoupledTestable.java,typeDefined,None,CLASS, Is Abstract:false Number of Abstract Methods:0 Is Generic:false Number of Generic Methods:0 Number of Asserts:0 Number of Ternary Conditionals:0 Number of Methods:3 Number of Functions:0 Number of Non Getter Functions:0 Number of Getters and Setters:0 Number of Non Public Methods:0 Public Methods Fraction:1.0 Protected Methods Fraction:0.0 Package Access Methods Fraction:0.0 Private  Methods Fraction:0.0 Average Method Access:0.0 Number of Variables:4 Public Variables Fraction:0.0 Protected Variables Fraction:0.0 Package Access Variables Fraction:1.0 Private  Variable Fraction:0.0 Average Variable Access:2.0 Number of Properties:0 Public Properties Fraction:NaN Protected Properties Fraction:NaN Package Access Properties Fraction:NaN Private  Properties Fraction:NaN Editable Properties Fraction:NaN ReadOnly Access Properties Fraction:NaN WriteOnly  Properties Fraction:NaN Average Properties Access:NaN Average Local References per Constant:NaN Average Local References per Variable:2.5 Average Local Assignments per Variable:2.5,NonGetterFunctions:[]NonSetterProcedures:[public  inc1:->void, public  inc2:->void, public  inc3:->void]Getters:[]Setters:[],Variables:[default int variable1, default int variable2, default int variable3, default int variable4],Properties:[],Access Modifiers Used: [(unc.testables.classDecomposition.NonDecomposableIndirectlyCoupledTestable, public, private, 3, unc.testables.classDecomposition.NonDecomposableIndirectlyCoupledTestable, null )]
-1,Sun Jun 21 15:44:16 EDT 2020,true,unc\testables\classDecomposition\NonDecomposableIndirectlyCoupledTestable.java,nameInDictionaryCheck,unc.testables.classDecomposition.NonDecomposableIndirectlyCoupledTestable,unc
-1,Sun Jun 21 15:44:16 EDT 2020,true,unc\testables\classDecomposition\NonDecomposableIndirectlyCoupledTestable.java,nameInDictionaryCheck,unc.testables.classDecomposition.NonDecomposableIndirectlyCoupledTestable,testables
-1,Sun Jun 21 15:44:16 EDT 2020,true,unc\testables\classDecomposition\NonDecomposableIndirectlyCoupledTestable.java,nameInDictionaryCheck,unc.testables.classDecomposition.NonDecomposableIndirectlyCoupledTestable,decomposable
-1,Sun Jun 21 15:44:16 EDT 2020,true,unc\testables\classDecomposition\NonDecomposableIndirectlyCoupledTestable.java,publicMethodsDoNotOverride,[public  inc1:->void, public  inc2:->void, public  inc3:->void]
-1,Sun Jun 21 15:44:16 EDT 2020,true,unc\testables\classDecomposition\NotDecomposableClassWithNoSeedTestable.java,typeDefined,None,CLASS, Is Abstract:false Number of Abstract Methods:0 Is Generic:false Number of Generic Methods:0 Number of Asserts:0 Number of Ternary Conditionals:0 Number of Methods:2 Number of Functions:0 Number of Non Getter Functions:0 Number of Getters and Setters:0 Number of Non Public Methods:0 Public Methods Fraction:1.0 Protected Methods Fraction:0.0 Package Access Methods Fraction:0.0 Private  Methods Fraction:0.0 Average Method Access:0.0 Number of Variables:2 Public Variables Fraction:0.0 Protected Variables Fraction:0.0 Package Access Variables Fraction:1.0 Private  Variable Fraction:0.0 Average Variable Access:2.0 Number of Properties:0 Public Properties Fraction:NaN Protected Properties Fraction:NaN Package Access Properties Fraction:NaN Private  Properties Fraction:NaN Editable Properties Fraction:NaN ReadOnly Access Properties Fraction:NaN WriteOnly  Properties Fraction:NaN Average Properties Access:NaN Average Local References per Constant:NaN Average Local References per Variable:2.0 Average Local Assignments per Variable:2.0,NonGetterFunctions:[]NonSetterProcedures:[public  incVariable1:->void, public  decVariable1:->void]Getters:[]Setters:[],Variables:[default int variable1, default String variable2],Properties:[],Access Modifiers Used: [(unc.testables.classDecomposition.NotDecomposableClassWithNoSeedTestable, public, private, 3, unc.testables.classDecomposition.NotDecomposableClassWithNoSeedTestable, null )]
-1,Sun Jun 21 15:44:16 EDT 2020,true,unc\testables\classDecomposition\NotDecomposableClassWithNoSeedTestable.java,nameInDictionaryCheck,unc.testables.classDecomposition.NotDecomposableClassWithNoSeedTestable,unc
-1,Sun Jun 21 15:44:16 EDT 2020,true,unc\testables\classDecomposition\NotDecomposableClassWithNoSeedTestable.java,nameInDictionaryCheck,unc.testables.classDecomposition.NotDecomposableClassWithNoSeedTestable,testables
-1,Sun Jun 21 15:44:16 EDT 2020,true,unc\testables\classDecomposition\NotDecomposableClassWithNoSeedTestable.java,nameInDictionaryCheck,unc.testables.classDecomposition.NotDecomposableClassWithNoSeedTestable,decomposable
-1,Sun Jun 21 15:44:16 EDT 2020,true,unc\testables\classDecomposition\NotDecomposableClassWithNoSeedTestable.java,publicMethodsDoNotOverride,[public  incVariable1:->void, public  decVariable1:->void]
-1,Sun Jun 21 15:44:16 EDT 2020,true,unc\testables\classDecomposition\NotDecomposableClassWithSeedTestable.java,typeDefined,None,CLASS, Is Abstract:false Number of Abstract Methods:0 Is Generic:false Number of Generic Methods:0 Number of Asserts:0 Number of Ternary Conditionals:0 Number of Methods:7 Number of Functions:2 Number of Non Getter Functions:0 Number of Getters and Setters:4 Number of Non Public Methods:0 Public Methods Fraction:1.0 Protected Methods Fraction:0.0 Package Access Methods Fraction:0.0 Private  Methods Fraction:0.0 Average Method Access:0.0 Number of Variables:2 Public Variables Fraction:0.0 Protected Variables Fraction:0.0 Package Access Variables Fraction:1.0 Private  Variable Fraction:0.0 Average Variable Access:2.0 Number of Properties:2 Public Properties Fraction:1.0 Protected Properties Fraction:0.0 Package Access Properties Fraction:0.0 Private  Properties Fraction:0.0 Editable Properties Fraction:1.0 ReadOnly Access Properties Fraction:0.0 WriteOnly  Properties Fraction:0.0 Average Properties Access:0.0 Average Local References per Constant:NaN Average Local References per Variable:4.5 Average Local Assignments per Variable:4.5,NonGetterFunctions:[]NonSetterProcedures:[public  incVariable1:->void, public  decVariable1:->void, public  resetVariable2:->void]Getters:[public  getVariable1:->int, public  getVariable2:->String]Setters:[public  setVariable1:int->void, public  setVariable2:String->void],Variables:[default int variable1, default String variable2],Properties:[editable, g-s:0 p-v:2 access:public Variable2:String(public ,public ), editable, g-s:0 p-v:2 access:public Variable1:int(public ,public )],Access Modifiers Used: [(unc.testables.classDecomposition.NotDecomposableClassWithSeedTestable, public, private, 3, unc.testables.classDecomposition.NotDecomposableClassWithSeedTestable, null )]
-1,Sun Jun 21 15:44:16 EDT 2020,true,unc\testables\classDecomposition\NotDecomposableClassWithSeedTestable.java,nameInDictionaryCheck,unc.testables.classDecomposition.NotDecomposableClassWithSeedTestable,unc
-1,Sun Jun 21 15:44:16 EDT 2020,true,unc\testables\classDecomposition\NotDecomposableClassWithSeedTestable.java,nameInDictionaryCheck,unc.testables.classDecomposition.NotDecomposableClassWithSeedTestable,testables
-1,Sun Jun 21 15:44:16 EDT 2020,true,unc\testables\classDecomposition\NotDecomposableClassWithSeedTestable.java,nameInDictionaryCheck,unc.testables.classDecomposition.NotDecomposableClassWithSeedTestable,decomposable
-1,Sun Jun 21 15:44:16 EDT 2020,true,unc\testables\classDecomposition\NotDecomposableClassWithSeedTestable.java,methodAccessModifierUnmatched,setVariable2:String->void,public,None,4,No Referencing Method,No Access Modifiers
-1,Sun Jun 21 15:44:16 EDT 2020,true,unc\testables\classDecomposition\NotDecomposableClassWithSeedTestable.java,peerCommonProperties,editable, g-s:0 p-v:2 access:public Variable1:int(public ,public ),NotDecomposableClassWithSeedTestable,unc.testables.classDecomposition.DecomposableClassWithSeedTestable
-1,Sun Jun 21 15:44:16 EDT 2020,true,unc\testables\classDecomposition\NotDecomposableClassWithSeedTestable.java,publicMethodsDoNotOverride,[public  getVariable1:->int, public  setVariable1:int->void, public  getVariable2:->String, public  setVariable2:String->void, public  incVariable1:->void, public  decVariable1:->void, public  resetVariable2:->void]
-1,Sun Jun 21 15:44:16 EDT 2020,true,unc\testables\classInterfaces\ClassWithExtendingInterfaceTestable.java,typeDefined,None,CLASS, Is Abstract:false Number of Abstract Methods:0 Is Generic:false Number of Generic Methods:0 Number of Asserts:0 Number of Ternary Conditionals:0 Number of Methods:2 Number of Functions:0 Number of Non Getter Functions:0 Number of Getters and Setters:0 Number of Non Public Methods:0 Public Methods Fraction:1.0 Protected Methods Fraction:0.0 Package Access Methods Fraction:0.0 Private  Methods Fraction:0.0 Average Method Access:0.0 Number of Variables:0 Public Variables Fraction:NaN Protected Variables Fraction:NaN Package Access Variables Fraction:NaN Private  Variable Fraction:NaN Average Variable Access:NaN Number of Properties:0 Public Properties Fraction:NaN Protected Properties Fraction:NaN Package Access Properties Fraction:NaN Private  Properties Fraction:NaN Editable Properties Fraction:NaN ReadOnly Access Properties Fraction:NaN WriteOnly  Properties Fraction:NaN Average Properties Access:NaN Average Local References per Constant:-1.0 Average Local References per Variable:-1.0 Average Local Assignments per Variable:-1.0,NonGetterFunctions:[]NonSetterProcedures:[public  signature1:boolean->void, public  signature2:int->void]Getters:[]Setters:[],Variables:[],Properties:[],Access Modifiers Used: []
-1,Sun Jun 21 15:44:16 EDT 2020,true,unc\testables\classInterfaces\ClassWithExtendingInterfaceTestable.java,nameInDictionaryCheck,unc.testables.classInterfaces.ClassWithExtendingInterfaceTestable,unc
-1,Sun Jun 21 15:44:16 EDT 2020,true,unc\testables\classInterfaces\ClassWithExtendingInterfaceTestable.java,nameInDictionaryCheck,unc.testables.classInterfaces.ClassWithExtendingInterfaceTestable,testables
-1,Sun Jun 21 15:44:16 EDT 2020,true,unc\testables\classInterfaces\ClassWithExtendingInterfaceTestable.java,methodAccessModifierUnmatched,signature1:boolean->void,public,None,4,No Referencing Method,No Access Modifiers
-1,Sun Jun 21 15:44:16 EDT 2020,true,unc\testables\classInterfaces\ClassWithExtendingInterfaceTestable.java,methodAccessModifierUnmatched,signature2:int->void,public,None,4,No Referencing Method,No Access Modifiers
-1,Sun Jun 21 15:44:16 EDT 2020,true,unc\testables\classInterfaces\ClassWithExtendingInterfaceTestable.java,publicMethodsOverride,[]
-1,Sun Jun 21 15:44:16 EDT 2020,true,unc\testables\classInterfaces\ClassWithMultipleInterfacesTestable.java,typeDefined,None,CLASS, Is Abstract:false Number of Abstract Methods:0 Is Generic:false Number of Generic Methods:0 Number of Asserts:0 Number of Ternary Conditionals:0 Number of Methods:2 Number of Functions:0 Number of Non Getter Functions:0 Number of Getters and Setters:0 Number of Non Public Methods:0 Public Methods Fraction:1.0 Protected Methods Fraction:0.0 Package Access Methods Fraction:0.0 Private  Methods Fraction:0.0 Average Method Access:0.0 Number of Variables:0 Public Variables Fraction:NaN Protected Variables Fraction:NaN Package Access Variables Fraction:NaN Private  Variable Fraction:NaN Average Variable Access:NaN Number of Properties:0 Public Properties Fraction:NaN Protected Properties Fraction:NaN Package Access Properties Fraction:NaN Private  Properties Fraction:NaN Editable Properties Fraction:NaN ReadOnly Access Properties Fraction:NaN WriteOnly  Properties Fraction:NaN Average Properties Access:NaN Average Local References per Constant:-1.0 Average Local References per Variable:-1.0 Average Local Assignments per Variable:-1.0,NonGetterFunctions:[]NonSetterProcedures:[public  signature2:int->void, public  signature1:boolean->void]Getters:[]Setters:[],Variables:[],Properties:[],Access Modifiers Used: []
-1,Sun Jun 21 15:44:16 EDT 2020,true,unc\testables\classInterfaces\ClassWithMultipleInterfacesTestable.java,nameInDictionaryCheck,unc.testables.classInterfaces.ClassWithMultipleInterfacesTestable,unc
-1,Sun Jun 21 15:44:16 EDT 2020,true,unc\testables\classInterfaces\ClassWithMultipleInterfacesTestable.java,nameInDictionaryCheck,unc.testables.classInterfaces.ClassWithMultipleInterfacesTestable,testables
-1,Sun Jun 21 15:44:16 EDT 2020,true,unc\testables\classInterfaces\ClassWithMultipleInterfacesTestable.java,classDoesNotHaveExactlyOneInterface,unc.testables.classInterfaces.ClassWithMultipleInterfacesTestable
-1,Sun Jun 21 15:44:16 EDT 2020,true,unc\testables\classInterfaces\ClassWithMultipleInterfacesTestable.java,publicMethodsDoNotOverride,[public  signature2:int->void]
-1,Sun Jun 21 15:44:16 EDT 2020,true,unc\testables\classInterfaces\ClassWithNoInterfaceTestable.java,nameInDictionaryCheck,unc.testables.classInterfaces.ClassWithNoInterfaceTestable,unc
-1,Sun Jun 21 15:44:16 EDT 2020,true,unc\testables\classInterfaces\ClassWithNoInterfaceTestable.java,nameInDictionaryCheck,unc.testables.classInterfaces.ClassWithNoInterfaceTestable,testables
-1,Sun Jun 21 15:44:16 EDT 2020,true,unc\testables\classInterfaces\ClassWithNoInterfaceTestable.java,publicMethodsDoNotOverride,[public  signature2:int->void, public  signature1:boolean->void]
-1,Sun Jun 21 15:44:16 EDT 2020,true,unc\testables\classInterfaces\InterfaceExtended1Testable.java,typeDefined,None,INTERFACE, Is Abstract:false Number of Abstract Methods:0 Is Generic:false Number of Generic Methods:0 Number of Asserts:0 Number of Ternary Conditionals:0 Number of Methods:1 Number of Functions:0 Number of Non Getter Functions:0 Number of Getters and Setters:0 Number of Non Public Methods:1 Public Methods Fraction:0.0 Protected Methods Fraction:0.0 Package Access Methods Fraction:1.0 Private  Methods Fraction:0.0 Average Method Access:2.0 Number of Variables:0 Public Variables Fraction:NaN Protected Variables Fraction:NaN Package Access Variables Fraction:NaN Private  Variable Fraction:NaN Average Variable Access:NaN Number of Properties:0 Public Properties Fraction:NaN Protected Properties Fraction:NaN Package Access Properties Fraction:NaN Private  Properties Fraction:NaN Editable Properties Fraction:NaN ReadOnly Access Properties Fraction:NaN WriteOnly  Properties Fraction:NaN Average Properties Access:NaN Average Local References per Constant:-1.0 Average Local References per Variable:-1.0 Average Local Assignments per Variable:-1.0,NonGetterFunctions:[]NonSetterProcedures:[default signature1:boolean->void]Getters:[]Setters:[],Variables:[],Properties:[],Access Modifiers Used: []
-1,Sun Jun 21 15:44:16 EDT 2020,true,unc\testables\classInterfaces\InterfaceExtended1Testable.java,nameInDictionaryCheck,unc.testables.classInterfaces.InterfaceExtended1Testable,unc
-1,Sun Jun 21 15:44:16 EDT 2020,true,unc\testables\classInterfaces\InterfaceExtended1Testable.java,nameInDictionaryCheck,unc.testables.classInterfaces.InterfaceExtended1Testable,testables
-1,Sun Jun 21 15:44:16 EDT 2020,true,unc\testables\classInterfaces\InterfaceExtended2Testable.java,typeDefined,None,INTERFACE, Is Abstract:false Number of Abstract Methods:0 Is Generic:false Number of Generic Methods:0 Number of Asserts:0 Number of Ternary Conditionals:0 Number of Methods:1 Number of Functions:0 Number of Non Getter Functions:0 Number of Getters and Setters:0 Number of Non Public Methods:1 Public Methods Fraction:0.0 Protected Methods Fraction:0.0 Package Access Methods Fraction:1.0 Private  Methods Fraction:0.0 Average Method Access:2.0 Number of Variables:0 Public Variables Fraction:NaN Protected Variables Fraction:NaN Package Access Variables Fraction:NaN Private  Variable Fraction:NaN Average Variable Access:NaN Number of Properties:0 Public Properties Fraction:NaN Protected Properties Fraction:NaN Package Access Properties Fraction:NaN Private  Properties Fraction:NaN Editable Properties Fraction:NaN ReadOnly Access Properties Fraction:NaN WriteOnly  Properties Fraction:NaN Average Properties Access:NaN Average Local References per Constant:-1.0 Average Local References per Variable:-1.0 Average Local Assignments per Variable:-1.0,NonGetterFunctions:[]NonSetterProcedures:[default signature2:int->void]Getters:[]Setters:[],Variables:[],Properties:[],Access Modifiers Used: []
-1,Sun Jun 21 15:44:16 EDT 2020,true,unc\testables\classInterfaces\InterfaceExtended2Testable.java,nameInDictionaryCheck,unc.testables.classInterfaces.InterfaceExtended2Testable,unc
-1,Sun Jun 21 15:44:16 EDT 2020,true,unc\testables\classInterfaces\InterfaceExtended2Testable.java,nameInDictionaryCheck,unc.testables.classInterfaces.InterfaceExtended2Testable,testables
-1,Sun Jun 21 15:44:16 EDT 2020,true,unc\testables\classInterfaces\InterfaceExtendingTestable.java,typeDefined,None,INTERFACE, Is Abstract:false Number of Abstract Methods:0 Is Generic:false Number of Generic Methods:0 Number of Asserts:0 Number of Ternary Conditionals:0 Number of Methods:0 Number of Functions:0 Number of Non Getter Functions:0 Number of Getters and Setters:0 Number of Non Public Methods:0 Public Methods Fraction:NaN Protected Methods Fraction:NaN Package Access Methods Fraction:NaN Private  Methods Fraction:NaN Average Method Access:NaN Number of Variables:0 Public Variables Fraction:NaN Protected Variables Fraction:NaN Package Access Variables Fraction:NaN Private  Variable Fraction:NaN Average Variable Access:NaN Number of Properties:0 Public Properties Fraction:NaN Protected Properties Fraction:NaN Package Access Properties Fraction:NaN Private  Properties Fraction:NaN Editable Properties Fraction:NaN ReadOnly Access Properties Fraction:NaN WriteOnly  Properties Fraction:NaN Average Properties Access:NaN Average Local References per Constant:-1.0 Average Local References per Variable:-1.0 Average Local Assignments per Variable:-1.0,NonGetterFunctions:[]NonSetterProcedures:[]Getters:[]Setters:[],Variables:[],Properties:[],Access Modifiers Used: []
-1,Sun Jun 21 15:44:16 EDT 2020,true,unc\testables\classInterfaces\InterfaceExtendingTestable.java,nameInDictionaryCheck,unc.testables.classInterfaces.InterfaceExtendingTestable,unc
-1,Sun Jun 21 15:44:16 EDT 2020,true,unc\testables\classInterfaces\InterfaceExtendingTestable.java,nameInDictionaryCheck,unc.testables.classInterfaces.InterfaceExtendingTestable,testables
-1,Sun Jun 21 15:44:16 EDT 2020,true,unc\testables\commonSignatures\ADelegateClass.java,typeDefined,None,CLASS, Is Abstract:false Number of Abstract Methods:0 Is Generic:false Number of Generic Methods:0 Number of Asserts:0 Number of Ternary Conditionals:0 Number of Methods:4 Number of Functions:1 Number of Non Getter Functions:1 Number of Getters and Setters:0 Number of Non Public Methods:3 Public Methods Fraction:0.25 Protected Methods Fraction:0.0 Package Access Methods Fraction:0.75 Private  Methods Fraction:0.0 Average Method Access:1.5 Number of Variables:0 Public Variables Fraction:NaN Protected Variables Fraction:NaN Package Access Variables Fraction:NaN Private  Variable Fraction:NaN Average Variable Access:NaN Number of Properties:0 Public Properties Fraction:NaN Protected Properties Fraction:NaN Package Access Properties Fraction:NaN Private  Properties Fraction:NaN Editable Properties Fraction:NaN ReadOnly Access Properties Fraction:NaN WriteOnly  Properties Fraction:NaN Average Properties Access:NaN Average Local References per Constant:-1.0 Average Local References per Variable:-1.0 Average Local Assignments per Variable:-1.0,NonGetterFunctions:[public  commonSignature1:boolean;int;String->int]NonSetterProcedures:[default commonSignature2:->void, static default commonSignatureStatic:double->void, default unique1Signature:char->void]Getters:[]Setters:[],Variables:[],Properties:[],Access Modifiers Used: []
-1,Sun Jun 21 15:44:16 EDT 2020,true,unc\testables\commonSignatures\ADelegateClass.java,nameInDictionaryCheck,unc.testables.commonSignatures.ADelegateClass,unc
-1,Sun Jun 21 15:44:16 EDT 2020,true,unc\testables\commonSignatures\ADelegateClass.java,nameInDictionaryCheck,unc.testables.commonSignatures.ADelegateClass,testables
-1,Sun Jun 21 15:44:16 EDT 2020,true,unc\testables\commonSignatures\ADelegateClass.java,nameInDictionaryCheck,aBoolean,boolean
-1,Sun Jun 21 15:44:16 EDT 2020,true,unc\testables\commonSignatures\ADelegateClass.java,methodAccessModifierUnmatched,commonSignature1:boolean;int;String->int,public,None,4,No Referencing Method,No Access Modifiers
-1,Sun Jun 21 15:44:16 EDT 2020,true,unc\testables\commonSignatures\ADelegateClass.java,methodAccessModifierUnmatched,commonSignature2:->void,package,None,2,No Referencing Method,No Access Modifiers
-1,Sun Jun 21 15:44:16 EDT 2020,true,unc\testables\commonSignatures\ADelegateClass.java,methodAccessModifierUnmatched,commonSignatureStatic:double->void,package,None,2,No Referencing Method,No Access Modifiers
-1,Sun Jun 21 15:44:16 EDT 2020,true,unc\testables\commonSignatures\ADelegateClass.java,methodAccessModifierUnmatched,unique1Signature:char->void,package,None,2,No Referencing Method,No Access Modifiers
-1,Sun Jun 21 15:44:16 EDT 2020,true,unc\testables\commonSignatures\ADelegateClass.java,publicMethodsDoNotOverride,[public  commonSignature1:boolean;int;String->int]
-1,Sun Jun 21 15:44:16 EDT 2020,true,unc\testables\commonSignatures\ADelegatorClass.java,typeDefined,None,CLASS, Is Abstract:false Number of Abstract Methods:0 Is Generic:false Number of Generic Methods:0 Number of Asserts:0 Number of Ternary Conditionals:0 Number of Methods:4 Number of Functions:1 Number of Non Getter Functions:1 Number of Getters and Setters:0 Number of Non Public Methods:3 Public Methods Fraction:0.25 Protected Methods Fraction:0.0 Package Access Methods Fraction:0.75 Private  Methods Fraction:0.0 Average Method Access:1.5 Number of Variables:1 Public Variables Fraction:0.0 Protected Variables Fraction:0.0 Package Access Variables Fraction:1.0 Private  Variable Fraction:0.0 Average Variable Access:2.0 Number of Properties:0 Public Properties Fraction:NaN Protected Properties Fraction:NaN Package Access Properties Fraction:NaN Private  Properties Fraction:NaN Editable Properties Fraction:NaN ReadOnly Access Properties Fraction:NaN WriteOnly  Properties Fraction:NaN Average Properties Access:NaN Average Local References per Constant:NaN Average Local References per Variable:1.0 Average Local Assignments per Variable:1.0,NonGetterFunctions:[public  commonSignature1:boolean;int;String->int]NonSetterProcedures:[default commonSignature2:->void, static default commonSignatureStatic:double->void, default unique1Signature:char->void]Getters:[]Setters:[],Variables:[default unc.testables.commonSignatures.InterfaceSignature1 delegate],Properties:[],Access Modifiers Used: [(unc.testables.commonSignatures.ADelegatorClass, public, private, 3, unc.testables.commonSignatures.ADelegatorClass, null )]
-1,Sun Jun 21 15:44:16 EDT 2020,true,unc\testables\commonSignatures\ADelegatorClass.java,nameInDictionaryCheck,unc.testables.commonSignatures.ADelegatorClass,unc
-1,Sun Jun 21 15:44:16 EDT 2020,true,unc\testables\commonSignatures\ADelegatorClass.java,nameInDictionaryCheck,unc.testables.commonSignatures.ADelegatorClass,testables
-1,Sun Jun 21 15:44:16 EDT 2020,true,unc\testables\commonSignatures\ADelegatorClass.java,nameInDictionaryCheck,unc.testables.commonSignatures.ADelegatorClass,delegator
-1,Sun Jun 21 15:44:16 EDT 2020,true,unc\testables\commonSignatures\ADelegatorClass.java,nameInDictionaryCheck,aBoolean,boolean
-1,Sun Jun 21 15:44:16 EDT 2020,true,unc\testables\commonSignatures\ADelegatorClass.java,variableHasInterfaceType,InterfaceSignature1,delegate
-1,Sun Jun 21 15:44:16 EDT 2020,true,unc\testables\commonSignatures\ADelegatorClass.java,publicMethodsDoNotOverride,[public  commonSignature1:boolean;int;String->int]
-1,Sun Jun 21 15:44:16 EDT 2020,true,unc\testables\commonSignatures\AnotherSignatureDuplicatingClass.java,typeDefined,None,CLASS, Is Abstract:false Number of Abstract Methods:0 Is Generic:false Number of Generic Methods:0 Number of Asserts:0 Number of Ternary Conditionals:0 Number of Methods:4 Number of Functions:1 Number of Non Getter Functions:1 Number of Getters and Setters:0 Number of Non Public Methods:4 Public Methods Fraction:0.0 Protected Methods Fraction:0.0 Package Access Methods Fraction:1.0 Private  Methods Fraction:0.0 Average Method Access:2.0 Number of Variables:0 Public Variables Fraction:NaN Protected Variables Fraction:NaN Package Access Variables Fraction:NaN Private  Variable Fraction:NaN Average Variable Access:NaN Number of Properties:0 Public Properties Fraction:NaN Protected Properties Fraction:NaN Package Access Properties Fraction:NaN Private  Properties Fraction:NaN Editable Properties Fraction:NaN ReadOnly Access Properties Fraction:NaN WriteOnly  Properties Fraction:NaN Average Properties Access:NaN Average Local References per Constant:-1.0 Average Local References per Variable:-1.0 Average Local Assignments per Variable:-1.0,NonGetterFunctions:[default commonSignature1:boolean;int;String->int]NonSetterProcedures:[default commonSignature2:->void, static default commonSignatureStatic:double->void, default unique2Signature:char->void]Getters:[]Setters:[],Variables:[],Properties:[],Access Modifiers Used: []
-1,Sun Jun 21 15:44:16 EDT 2020,true,unc\testables\commonSignatures\AnotherSignatureDuplicatingClass.java,nameInDictionaryCheck,unc.testables.commonSignatures.AnotherSignatureDuplicatingClass,unc
-1,Sun Jun 21 15:44:16 EDT 2020,true,unc\testables\commonSignatures\AnotherSignatureDuplicatingClass.java,nameInDictionaryCheck,unc.testables.commonSignatures.AnotherSignatureDuplicatingClass,testables
-1,Sun Jun 21 15:44:16 EDT 2020,true,unc\testables\commonSignatures\AnotherSignatureDuplicatingClass.java,nameInDictionaryCheck,aBoolean,boolean
-1,Sun Jun 21 15:44:16 EDT 2020,true,unc\testables\commonSignatures\AnotherSignatureDuplicatingClass.java,methodAccessModifierUnmatched,commonSignature1:boolean;int;String->int,package,None,2,No Referencing Method,No Access Modifiers
-1,Sun Jun 21 15:44:16 EDT 2020,true,unc\testables\commonSignatures\AnotherSignatureDuplicatingClass.java,methodAccessModifierUnmatched,unique2Signature:char->void,package,None,2,No Referencing Method,No Access Modifiers
-1,Sun Jun 21 15:44:16 EDT 2020,true,unc\testables\commonSignatures\AnotherSignatureImplementingAndInheritingClass.java,nameInDictionaryCheck,unc.testables.commonSignatures.AnotherSignatureImplementingAndInheritingClass,unc
-1,Sun Jun 21 15:44:16 EDT 2020,true,unc\testables\commonSignatures\AnotherSignatureImplementingAndInheritingClass.java,nameInDictionaryCheck,unc.testables.commonSignatures.AnotherSignatureImplementingAndInheritingClass,testables
-1,Sun Jun 21 15:44:16 EDT 2020,true,unc\testables\commonSignatures\AnotherSignatureImplementingAndInheritingClass.java,nameInDictionaryCheck,aBoolean,boolean
-1,Sun Jun 21 15:44:16 EDT 2020,true,unc\testables\commonSignatures\AnotherSignatureImplementingAndInheritingClass.java,publicMethodsDoNotOverride,[public  commonSignature1:boolean;int;String->int]
-1,Sun Jun 21 15:44:16 EDT 2020,true,unc\testables\commonSignatures\ASignatureDuplicatingClass.java,typeDefined,None,CLASS, Is Abstract:false Number of Abstract Methods:0 Is Generic:false Number of Generic Methods:0 Number of Asserts:0 Number of Ternary Conditionals:0 Number of Methods:4 Number of Functions:1 Number of Non Getter Functions:1 Number of Getters and Setters:0 Number of Non Public Methods:4 Public Methods Fraction:0.0 Protected Methods Fraction:0.0 Package Access Methods Fraction:1.0 Private  Methods Fraction:0.0 Average Method Access:2.0 Number of Variables:0 Public Variables Fraction:NaN Protected Variables Fraction:NaN Package Access Variables Fraction:NaN Private  Variable Fraction:NaN Average Variable Access:NaN Number of Properties:0 Public Properties Fraction:NaN Protected Properties Fraction:NaN Package Access Properties Fraction:NaN Private  Properties Fraction:NaN Editable Properties Fraction:NaN ReadOnly Access Properties Fraction:NaN WriteOnly  Properties Fraction:NaN Average Properties Access:NaN Average Local References per Constant:-1.0 Average Local References per Variable:-1.0 Average Local Assignments per Variable:-1.0,NonGetterFunctions:[default commonSignature1:boolean;int;String->int]NonSetterProcedures:[default commonSignature2:->void, static default commonSignatureStatic:double->void, default unique1Signature:char->void]Getters:[]Setters:[],Variables:[],Properties:[],Access Modifiers Used: []
-1,Sun Jun 21 15:44:16 EDT 2020,true,unc\testables\commonSignatures\ASignatureDuplicatingClass.java,nameInDictionaryCheck,unc.testables.commonSignatures.ASignatureDuplicatingClass,unc
-1,Sun Jun 21 15:44:16 EDT 2020,true,unc\testables\commonSignatures\ASignatureDuplicatingClass.java,nameInDictionaryCheck,unc.testables.commonSignatures.ASignatureDuplicatingClass,testables
-1,Sun Jun 21 15:44:16 EDT 2020,true,unc\testables\commonSignatures\ASignatureDuplicatingClass.java,nameInDictionaryCheck,aBoolean,boolean
-1,Sun Jun 21 15:44:16 EDT 2020,true,unc\testables\commonSignatures\ASignatureImplementingAndInheritingClass.java,nameInDictionaryCheck,unc.testables.commonSignatures.ASignatureImplementingAndInheritingClass,unc
-1,Sun Jun 21 15:44:16 EDT 2020,true,unc\testables\commonSignatures\ASignatureImplementingAndInheritingClass.java,nameInDictionaryCheck,unc.testables.commonSignatures.ASignatureImplementingAndInheritingClass,testables
-1,Sun Jun 21 15:44:16 EDT 2020,true,unc\testables\commonSignatures\ASignatureImplementingAndInheritingClass.java,nameInDictionaryCheck,aBoolean,boolean
-1,Sun Jun 21 15:44:16 EDT 2020,true,unc\testables\commonSignatures\ASignatureImplementingAndInheritingClass.java,publicMethodsDoNotOverride,[public  commonSignature1:boolean;int;String->int]
-1,Sun Jun 21 15:44:16 EDT 2020,true,unc\testables\commonSignatures\ClassSignature2.java,typeDefined,None,CLASS, Is Abstract:true Number of Abstract Methods:1 Is Generic:false Number of Generic Methods:0 Number of Asserts:0 Number of Ternary Conditionals:0 Number of Methods:1 Number of Functions:0 Number of Non Getter Functions:0 Number of Getters and Setters:0 Number of Non Public Methods:1 Public Methods Fraction:0.0 Protected Methods Fraction:0.0 Package Access Methods Fraction:1.0 Private  Methods Fraction:0.0 Average Method Access:2.0 Number of Variables:0 Public Variables Fraction:NaN Protected Variables Fraction:NaN Package Access Variables Fraction:NaN Private  Variable Fraction:NaN Average Variable Access:NaN Number of Properties:0 Public Properties Fraction:NaN Protected Properties Fraction:NaN Package Access Properties Fraction:NaN Private  Properties Fraction:NaN Editable Properties Fraction:NaN ReadOnly Access Properties Fraction:NaN WriteOnly  Properties Fraction:NaN Average Properties Access:NaN Average Local References per Constant:-1.0 Average Local References per Variable:-1.0 Average Local Assignments per Variable:-1.0,NonGetterFunctions:[]NonSetterProcedures:[default commonSignature2:->void]Getters:[]Setters:[],Variables:[],Properties:[],Access Modifiers Used: []
-1,Sun Jun 21 15:44:16 EDT 2020,true,unc\testables\commonSignatures\ClassSignature2.java,nameInDictionaryCheck,unc.testables.commonSignatures.ClassSignature2,unc
-1,Sun Jun 21 15:44:16 EDT 2020,true,unc\testables\commonSignatures\ClassSignature2.java,nameInDictionaryCheck,unc.testables.commonSignatures.ClassSignature2,testables
-1,Sun Jun 21 15:44:16 EDT 2020,true,unc\testables\commonSignatures\InterfaceSignature1.java,typeDefined,None,INTERFACE, Is Abstract:false Number of Abstract Methods:0 Is Generic:false Number of Generic Methods:0 Number of Asserts:0 Number of Ternary Conditionals:0 Number of Methods:1 Number of Functions:1 Number of Non Getter Functions:1 Number of Getters and Setters:0 Number of Non Public Methods:0 Public Methods Fraction:1.0 Protected Methods Fraction:0.0 Package Access Methods Fraction:0.0 Private  Methods Fraction:0.0 Average Method Access:0.0 Number of Variables:0 Public Variables Fraction:NaN Protected Variables Fraction:NaN Package Access Variables Fraction:NaN Private  Variable Fraction:NaN Average Variable Access:NaN Number of Properties:0 Public Properties Fraction:NaN Protected Properties Fraction:NaN Package Access Properties Fraction:NaN Private  Properties Fraction:NaN Editable Properties Fraction:NaN ReadOnly Access Properties Fraction:NaN WriteOnly  Properties Fraction:NaN Average Properties Access:NaN Average Local References per Constant:-1.0 Average Local References per Variable:-1.0 Average Local Assignments per Variable:-1.0,NonGetterFunctions:[public  commonSignature1:boolean;int;String->int]NonSetterProcedures:[]Getters:[]Setters:[],Variables:[],Properties:[],Access Modifiers Used: [(unc.testables.commonSignatures.InterfaceSignature1, public, package, 2, unc.testables.commonSignatures.ADelegatorClass, null )]
-1,Sun Jun 21 15:44:16 EDT 2020,true,unc\testables\commonSignatures\InterfaceSignature1.java,nameInDictionaryCheck,unc.testables.commonSignatures.InterfaceSignature1,unc
-1,Sun Jun 21 15:44:16 EDT 2020,true,unc\testables\commonSignatures\InterfaceSignature1.java,nameInDictionaryCheck,unc.testables.commonSignatures.InterfaceSignature1,testables
-1,Sun Jun 21 15:44:16 EDT 2020,true,unc\testables\commonSignatures\InterfaceSignature1.java,nameInDictionaryCheck,aBoolean,boolean
-1,Sun Jun 21 15:44:16 EDT 2020,true,unc\testables\EnumTest.java,typeDefined,None,ENUM, Is Abstract:false Number of Abstract Methods:0 Is Generic:false Number of Generic Methods:0 Number of Asserts:0 Number of Ternary Conditionals:0 Number of Methods:0 Number of Functions:0 Number of Non Getter Functions:0 Number of Getters and Setters:0 Number of Non Public Methods:0 Public Methods Fraction:NaN Protected Methods Fraction:NaN Package Access Methods Fraction:NaN Private  Methods Fraction:NaN Average Method Access:NaN Number of Variables:0 Public Variables Fraction:NaN Protected Variables Fraction:NaN Package Access Variables Fraction:NaN Private  Variable Fraction:NaN Average Variable Access:NaN Number of Properties:0 Public Properties Fraction:NaN Protected Properties Fraction:NaN Package Access Properties Fraction:NaN Private  Properties Fraction:NaN Editable Properties Fraction:NaN ReadOnly Access Properties Fraction:NaN WriteOnly  Properties Fraction:NaN Average Properties Access:NaN Average Local References per Constant:-1.0 Average Local References per Variable:-1.0 Average Local Assignments per Variable:-1.0,NonGetterFunctions:[]NonSetterProcedures:[]Getters:[]Setters:[],Variables:[],Properties:[],Access Modifiers Used: []
-1,Sun Jun 21 15:44:16 EDT 2020,true,unc\testables\EnumTest.java,nameInDictionaryCheck,unc.testables.EnumTest,unc
-1,Sun Jun 21 15:44:16 EDT 2020,true,unc\testables\EnumTest.java,nameInDictionaryCheck,unc.testables.EnumTest,testables
-1,Sun Jun 21 15:44:16 EDT 2020,true,unc\testables\EnumTest.java,nameInDictionaryCheck,unc.testables.EnumTest,enum
-1,Sun Jun 21 15:44:16 EDT 2020,true,unc\testables\EqualAvoidNullTestable.java,typeDefined,None,CLASS, Is Abstract:false Number of Abstract Methods:0 Is Generic:false Number of Generic Methods:0 Number of Asserts:0 Number of Ternary Conditionals:0 Number of Methods:6 Number of Functions:6 Number of Non Getter Functions:6 Number of Getters and Setters:0 Number of Non Public Methods:6 Public Methods Fraction:0.0 Protected Methods Fraction:1.0 Package Access Methods Fraction:0.0 Private  Methods Fraction:0.0 Average Method Access:1.0 Number of Variables:2 Public Variables Fraction:0.5 Protected Variables Fraction:0.0 Package Access Variables Fraction:0.5 Private  Variable Fraction:0.0 Average Variable Access:1.0 Number of Properties:0 Public Properties Fraction:NaN Protected Properties Fraction:NaN Package Access Properties Fraction:NaN Private  Properties Fraction:NaN Editable Properties Fraction:NaN ReadOnly Access Properties Fraction:NaN WriteOnly  Properties Fraction:NaN Average Properties Access:NaN Average Local References per Constant:2.0 Average Local References per Variable:3.5 Average Local Assignments per Variable:3.5,NonGetterFunctions:[protected  didNotAvoidNullLiteral:->boolean, protected  didNotAvoidNullNamedConstant:->boolean, protected  avoidesNullLiteral:->boolean, protected  avoidesNullConstant:->boolean, protected  doesNotReferenceConstants:->boolean, protected  alsoDoesNotReferenceConstants:String->boolean]NonSetterProcedures:[]Getters:[]Setters:[],Variables:[default String aVariable, public String A_CONSTANT],Properties:[],Access Modifiers Used: [(unc.testables.EqualAvoidNullTestable, public, private, 3, unc.testables.EqualAvoidNullTestable, null )]
-1,Sun Jun 21 15:44:16 EDT 2020,true,unc\testables\EqualAvoidNullTestable.java,nameInDictionaryCheck,unc.testables.EqualAvoidNullTestable,unc
-1,Sun Jun 21 15:44:16 EDT 2020,true,unc\testables\EqualAvoidNullTestable.java,nameInDictionaryCheck,unc.testables.EqualAvoidNullTestable,testables
-1,Sun Jun 21 15:44:16 EDT 2020,true,unc\testables\EqualAvoidNullTestable.java,methodAccessModifierUnmatched,didNotAvoidNullLiteral:->boolean,protected,None,3,No Referencing Method,No Access Modifiers
-1,Sun Jun 21 15:44:16 EDT 2020,true,unc\testables\EqualAvoidNullTestable.java,methodAccessModifierUnmatched,alsoDoesNotReferenceConstants:String->boolean,protected,None,3,No Referencing Method,No Access Modifiers
-1,Sun Jun 21 15:44:16 EDT 2020,true,unc\testables\EqualAvoidNullTestable.java,classDecomposition,[[protected  didNotAvoidNullNamedConstant:->boolean], [protected  alsoDoesNotReferenceConstants:String->boolean, protected  doesNotReferenceConstants:->boolean, protected  avoidesNullConstant:->boolean, protected  avoidesNullLiteral:->boolean]]
-1,Sun Jun 21 15:44:16 EDT 2020,true,unc\testables\EqualAvoidNullTestable.java,publicMethodsDoNotOverride,[protected  didNotAvoidNullLiteral:->boolean, protected  didNotAvoidNullNamedConstant:->boolean, protected  avoidesNullLiteral:->boolean, protected  avoidesNullConstant:->boolean, protected  doesNotReferenceConstants:->boolean]
-1,Sun Jun 21 15:44:16 EDT 2020,true,unc\testables\IfTestable.java,typeDefined,None,CLASS, Is Abstract:false Number of Abstract Methods:0 Is Generic:false Number of Generic Methods:0 Number of Asserts:0 Number of Ternary Conditionals:0 Number of Methods:6 Number of Functions:0 Number of Non Getter Functions:0 Number of Getters and Setters:0 Number of Non Public Methods:0 Public Methods Fraction:1.0 Protected Methods Fraction:0.0 Package Access Methods Fraction:0.0 Private  Methods Fraction:0.0 Average Method Access:0.0 Number of Variables:2 Public Variables Fraction:0.0 Protected Variables Fraction:0.0 Package Access Variables Fraction:1.0 Private  Variable Fraction:0.0 Average Variable Access:2.0 Number of Properties:0 Public Properties Fraction:NaN Protected Properties Fraction:NaN Package Access Properties Fraction:NaN Private  Properties Fraction:NaN Editable Properties Fraction:NaN ReadOnly Access Properties Fraction:NaN WriteOnly  Properties Fraction:NaN Average Properties Access:NaN Average Local References per Constant:NaN Average Local References per Variable:22.5 Average Local Assignments per Variable:22.5,NonGetterFunctions:[]NonSetterProcedures:[static public  bulkierThen:->void, static public  bulkierElse:->void, static public  equalThenElse:->void, static public  moreOrLessEqualThenElse:->void, static public  thenBranching:->void, static public  elseBranching:->void]Getters:[]Setters:[],Variables:[default static boolean someCondition, default static int someInteger],Properties:[],Access Modifiers Used: [(unc.testables.IfTestable, public, private, 3, unc.testables.IfTestable, null )]
-1,Sun Jun 21 15:44:16 EDT 2020,true,unc\testables\IfTestable.java,nameInDictionaryCheck,unc.testables.IfTestable,unc
-1,Sun Jun 21 15:44:16 EDT 2020,true,unc\testables\IfTestable.java,nameInDictionaryCheck,unc.testables.IfTestable,testables
-1,Sun Jun 21 15:44:16 EDT 2020,true,unc\testables\IfTestable.java,bulkierThen,22.0,7.0,3.142857142857143
-1,Sun Jun 21 15:44:16 EDT 2020,true,unc\testables\IfTestable.java,methodAccessModifierUnmatched,bulkierThen:->void,public,None,4,No Referencing Method,No Access Modifiers
-1,Sun Jun 21 15:44:16 EDT 2020,true,unc\testables\IfTestable.java,bulkierThen,39.0,7.0,5.571428571428571
-1,Sun Jun 21 15:44:16 EDT 2020,true,unc\testables\IfTestable.java,thenBranching
-1,Sun Jun 21 15:44:16 EDT 2020,true,unc\testables\IfTestable.java,bulkierThen,23.0,7.0,3.2857142857142856
-1,Sun Jun 21 15:44:16 EDT 2020,true,unc\testables\IfTestable.java,elseBranching
-1,Sun Jun 21 15:44:16 EDT 2020,true,unc\testables\IfTestable.java,publicMethodsDoNotOverride,[static public  bulkierThen:->void, static public  bulkierElse:->void, static public  equalThenElse:->void, static public  moreOrLessEqualThenElse:->void, static public  thenBranching:->void, static public  elseBranching:->void]
-1,Sun Jun 21 15:44:16 EDT 2020,true,unc\testables\MnemonicNameTest.java,typeDefined,None,CLASS, Is Abstract:false Number of Abstract Methods:0 Is Generic:false Number of Generic Methods:0 Number of Asserts:0 Number of Ternary Conditionals:0 Number of Methods:2 Number of Functions:0 Number of Non Getter Functions:0 Number of Getters and Setters:0 Number of Non Public Methods:0 Public Methods Fraction:1.0 Protected Methods Fraction:0.0 Package Access Methods Fraction:0.0 Private  Methods Fraction:0.0 Average Method Access:0.0 Number of Variables:2 Public Variables Fraction:0.0 Protected Variables Fraction:0.0 Package Access Variables Fraction:1.0 Private  Variable Fraction:0.0 Average Variable Access:2.0 Number of Properties:0 Public Properties Fraction:NaN Protected Properties Fraction:NaN Package Access Properties Fraction:NaN Private  Properties Fraction:NaN Editable Properties Fraction:NaN ReadOnly Access Properties Fraction:NaN WriteOnly  Properties Fraction:NaN Average Properties Access:NaN Average Local References per Constant:NaN Average Local References per Variable:1.0 Average Local Assignments per Variable:1.0,NonGetterFunctions:[]NonSetterProcedures:[public  aMnemonicMethod:int;int->void, public  aNtMnemonicMethod:->void]Getters:[]Setters:[],Variables:[default int aMnemonicGlobal, default int aNtMnemonicGlobal],Properties:[],Access Modifiers Used: [(unc.testables.MnemonicNameTest, public, private, 3, unc.testables.MnemonicNameTest, null )]
-1,Sun Jun 21 15:44:16 EDT 2020,true,unc\testables\MnemonicNameTest.java,nameInDictionaryCheck,unc.testables.MnemonicNameTest,unc
-1,Sun Jun 21 15:44:16 EDT 2020,true,unc\testables\MnemonicNameTest.java,nameInDictionaryCheck,unc.testables.MnemonicNameTest,testables
-1,Sun Jun 21 15:44:16 EDT 2020,true,unc\testables\MnemonicNameTest.java,nameInDictionaryCheck,aNtMnemonicGlobal,nt
-1,Sun Jun 21 15:44:16 EDT 2020,true,unc\testables\MnemonicNameTest.java,minimumVowelInNameCheck,aNtMnemonicGlobal,nt,1
-1,Sun Jun 21 15:44:16 EDT 2020,true,unc\testables\MnemonicNameTest.java,nameInDictionaryCheck,aNtMnemonicLocal,nt
-1,Sun Jun 21 15:44:16 EDT 2020,true,unc\testables\MnemonicNameTest.java,minimumVowelInNameCheck,aNtMnemonicLocal,nt,1
-1,Sun Jun 21 15:44:16 EDT 2020,true,unc\testables\MnemonicNameTest.java,nameInDictionaryCheck,aNtMnemonicParameter,nt
-1,Sun Jun 21 15:44:16 EDT 2020,true,unc\testables\MnemonicNameTest.java,minimumVowelInNameCheck,aNtMnemonicParameter,nt,1
-1,Sun Jun 21 15:44:16 EDT 2020,true,unc\testables\MnemonicNameTest.java,methodAccessModifierUnmatched,aMnemonicMethod:int;int->void,public,None,4,No Referencing Method,No Access Modifiers
-1,Sun Jun 21 15:44:16 EDT 2020,true,unc\testables\MnemonicNameTest.java,methodAccessModifierUnmatched,aNtMnemonicMethod:->void,public,None,4,No Referencing Method,No Access Modifiers
-1,Sun Jun 21 15:44:16 EDT 2020,true,unc\testables\MnemonicNameTest.java,publicMethodsDoNotOverride,[public  aMnemonicMethod:int;int->void, public  aNtMnemonicMethod:->void]
-1,Sun Jun 21 15:44:16 EDT 2020,true,unc\testables\TestSubClass.java,typeDefined,None,CLASS, Is Abstract:true Number of Abstract Methods:0 Is Generic:false Number of Generic Methods:0 Number of Asserts:0 Number of Ternary Conditionals:0 Number of Methods:3 Number of Functions:2 Number of Non Getter Functions:0 Number of Getters and Setters:2 Number of Non Public Methods:0 Public Methods Fraction:1.0 Protected Methods Fraction:0.0 Package Access Methods Fraction:0.0 Private  Methods Fraction:0.0 Average Method Access:0.0 Number of Variables:2 Public Variables Fraction:0.5 Protected Variables Fraction:0.0 Package Access Variables Fraction:0.5 Private  Variable Fraction:0.0 Average Variable Access:1.0 Number of Properties:2 Public Properties Fraction:1.0 Protected Properties Fraction:0.0 Package Access Properties Fraction:0.0 Private  Properties Fraction:0.0 Editable Properties Fraction:0.0 ReadOnly Access Properties Fraction:1.0 WriteOnly  Properties Fraction:0.0 Average Properties Access:0.0 Average Local References per Constant:5.0 Average Local References per Variable:3.5 Average Local Assignments per Variable:3.5,NonGetterFunctions:[]NonSetterProcedures:[public  propertyChange:java.beans.PropertyChangeEvent->void]Getters:[static public  getOut:->PrintStream, static public  getOut2:->PrintStream]Setters:[],Variables:[default static int staticVariable, public static int subConstant],Properties:[readonly  p-v:5 access:public Out2:java.io.PrintStream(public , null), readonly  p-v:5 access:public Out:java.io.PrintStream(public , null)],Access Modifiers Used: [(unc.testables.TestSubClass, public, private, 3, unc.testables.TestSubClass, null )]
-1,Sun Jun 21 15:44:16 EDT 2020,true,unc\testables\TestSubClass.java,nameInDictionaryCheck,unc.testables.TestSubClass,unc
-1,Sun Jun 21 15:44:16 EDT 2020,true,unc\testables\TestSubClass.java,nameInDictionaryCheck,unc.testables.TestSubClass,testables
-1,Sun Jun 21 15:44:16 EDT 2020,true,unc\testables\TestSubClass.java,methodAccessModifierUnmatched,getOut:->PrintStream,public,private,3,[unc.testables.TestSubClass],[private]
-1,Sun Jun 21 15:44:16 EDT 2020,true,unc\testables\TestSubClass.java,liberalMagicNumber,3,3
-1,Sun Jun 21 15:44:16 EDT 2020,true,unc\testables\TestSubClass.java,liberalMagicNumber,4.5,EXPR 4.5
-1,Sun Jun 21 15:44:16 EDT 2020,true,unc\testables\TestSubClass.java,peerCommonProperties,readonly  p-v:5 access:public Out:java.io.PrintStream(public , null),TestSubClass,java.lang.System
-1,Sun Jun 21 15:44:16 EDT 2020,true,unc\testables\TestSubClass.java,publicMethodsDoNotOverride,[static public  getOut:->PrintStream, static public  getOut2:->PrintStream]
-1,Sun Jun 21 15:44:16 EDT 2020,true,unc\testables\TestSuperClass.java,typeDefined,None,CLASS, Is Abstract:true Number of Abstract Methods:0 Is Generic:false Number of Generic Methods:0 Number of Asserts:0 Number of Ternary Conditionals:0 Number of Methods:1 Number of Functions:0 Number of Non Getter Functions:0 Number of Getters and Setters:0 Number of Non Public Methods:1 Public Methods Fraction:0.0 Protected Methods Fraction:1.0 Package Access Methods Fraction:0.0 Private  Methods Fraction:0.0 Average Method Access:1.0 Number of Variables:3 Public Variables Fraction:0.0 Protected Variables Fraction:0.3333333333333333 Package Access Variables Fraction:0.6666666666666666 Private  Variable Fraction:0.0 Average Variable Access:1.6666666666666665 Number of Properties:0 Public Properties Fraction:NaN Protected Properties Fraction:NaN Package Access Properties Fraction:NaN Private  Properties Fraction:NaN Editable Properties Fraction:NaN ReadOnly Access Properties Fraction:NaN WriteOnly  Properties Fraction:NaN Average Properties Access:NaN Average Local References per Constant:4.0 Average Local References per Variable:4.666666666666667 Average Local Assignments per Variable:4.666666666666667,NonGetterFunctions:[]NonSetterProcedures:[protected  superMethod:->void]Getters:[]Setters:[],Variables:[default static int superConstant, default static int superConstant2, protected int superGlobal],Properties:[],Access Modifiers Used: [(unc.testables.TestSuperClass, public, package, 2, unc.testables.TestSubClass, null ), (unc.testables.TestSuperClass, public, private, 3, unc.testables.TestSuperClass, null )]
-1,Sun Jun 21 15:44:16 EDT 2020,true,unc\testables\TestSuperClass.java,nameInDictionaryCheck,unc.testables.TestSuperClass,unc
-1,Sun Jun 21 15:44:16 EDT 2020,true,unc\testables\TestSuperClass.java,nameInDictionaryCheck,unc.testables.TestSuperClass,testables
